id,amount,purchase_time,vendor_id,product_id
1,9290,34:56.0,1,1
2,2262,44:56.0,1,1
3,9588,49:37.0,1,1
4,1634,44:00.0,1,1
5,4440,19:05.0,1,1
6,6950,29:52.0,1,1
7,4095,38:29.0,1,1
8,5727,03:54.0,2,2
9,9128,48:15.0,3,4
10,5160,31:41.0,3,4
11,1030,56:53.0,3,4
12,5179,36:03.0,3,4
13,3450,00:35.0,3,4
14,4978,51:24.0,3,4
15,8924,31:16.0,3,4
16,2277,16:47.0,3,4
17,3442,16:12.0,4,7
18,5375,21:41.0,4,5
19,9035,37:15.0,4,6
20,51,48:05.0,4,5
21,8963,26:30.0,4,7
22,7180,40:46.0,5,9
23,8382,13:09.0,5,8
24,3776,12:20.0,5,8
25,4951,42:41.0,5,9
26,9690,45:12.0,5,9
27,2851,14:40.0,5,10
28,9015,19:49.0,5,8
29,8445,44:12.0,5,8
30,7459,44:14.0,5,8
31,2977,57:21.0,6,13
32,1980,41:53.0,7,14
33,8559,26:33.0,7,14
34,6027,01:30.0,7,14
35,8375,04:00.0,7,14
36,6433,39:50.0,7,14
37,6350,25:38.0,7,14
38,1995,20:22.0,7,14
39,9348,38:56.0,8,17
40,5432,22:56.0,8,15
41,4263,36:05.0,8,16
42,3043,01:03.0,8,17
43,8222,56:55.0,8,17
44,1458,42:35.0,8,17
45,7011,57:31.0,8,18
46,9111,05:24.0,8,18
47,8150,40:59.0,8,15
48,2510,43:31.0,9,21
49,3697,43:56.0,9,20
50,5420,30:03.0,9,19
51,9341,18:19.0,9,21
52,3461,05:00.0,9,22
53,844,50:58.0,10,27
54,1410,13:10.0,10,27
55,9333,44:59.0,10,25
56,2731,37:13.0,10,25
57,5017,57:23.0,10,27
58,4111,27:44.0,10,26
59,3233,50:45.0,10,23
60,5949,43:04.0,10,23
61,626,47:38.0,11,28
62,8296,31:35.0,11,32
63,4522,23:56.0,11,28
64,8362,30:08.0,11,30
65,9460,58:12.0,11,32
66,9711,36:04.0,12,35
67,963,12:25.0,12,33
68,295,21:48.0,12,33
69,10,03:56.0,13,38
70,2838,30:15.0,13,38
71,564,43:45.0,14,40
72,593,55:34.0,14,40
73,4154,31:12.0,14,40
74,6070,58:53.0,15,41
75,7256,12:18.0,15,41
76,6071,28:57.0,15,41
77,5365,35:23.0,15,41
78,886,59:36.0,15,44
79,9682,13:19.0,15,41
80,8084,20:31.0,15,44
81,4991,28:54.0,16,47
82,6867,58:18.0,16,48
83,8415,29:41.0,16,47
84,8790,15:19.0,16,46
85,2832,44:12.0,16,48
86,7454,56:35.0,16,48
87,2497,54:54.0,16,45
88,9679,17:35.0,17,50
89,3313,20:28.0,17,50
90,1793,11:20.0,17,50
91,6010,42:37.0,17,50
92,434,18:23.0,17,50
93,3654,42:24.0,17,50
94,4170,55:44.0,18,52
95,5579,07:58.0,18,51
96,2289,23:48.0,19,57
97,8743,24:05.0,19,56
98,3187,03:33.0,19,57
99,6930,23:07.0,19,55
100,4573,18:32.0,19,56
101,6539,44:41.0,20,58
102,6390,06:01.0,20,58
103,3310,25:22.0,20,58
104,5690,23:19.0,20,58
105,8672,28:53.0,20,58
106,7028,40:04.0,21,60
107,3779,40:53.0,21,60
108,822,44:44.0,21,63
109,1826,53:07.0,21,59
110,3751,31:14.0,21,62
111,5889,25:45.0,21,62
112,7797,48:16.0,22,64
113,4564,33:45.0,22,64
114,4548,47:50.0,22,65
115,7870,07:29.0,22,66
116,6858,00:22.0,22,67
117,7912,21:58.0,22,65
118,785,35:45.0,23,72
119,1664,45:49.0,23,69
120,1810,19:43.0,23,70
121,4890,01:19.0,23,70
122,4847,09:35.0,23,69
123,4480,13:45.0,24,73
124,4636,57:50.0,24,73
125,3128,34:47.0,25,74
126,4221,36:50.0,25,74
127,5790,20:42.0,25,74
128,1143,40:22.0,25,74
129,1195,40:40.0,25,74
130,9173,43:19.0,25,74
131,4911,43:19.0,25,74
132,6509,23:36.0,26,75
133,1628,37:47.0,26,77
134,9088,28:58.0,26,75
135,1257,05:27.0,26,76
136,4694,30:59.0,26,76
137,4838,10:10.0,26,75
138,4112,20:55.0,27,78
139,294,10:28.0,27,82
140,2924,17:00.0,27,80
141,4589,02:18.0,28,85
142,3220,28:06.0,29,87
143,8521,56:41.0,29,87
144,9430,24:10.0,29,88
145,7916,35:38.0,29,88
146,4589,53:02.0,29,87
147,8111,31:10.0,29,88
148,7863,29:57.0,29,86
149,3091,52:56.0,29,88
150,717,53:18.0,30,91
151,5184,32:39.0,30,89
152,6377,15:30.0,30,90
153,3068,03:41.0,30,89
154,250,25:06.0,30,89
155,2515,05:48.0,30,89
156,6380,11:50.0,30,91
157,1159,04:14.0,30,89
158,5091,40:51.0,31,94
159,2264,31:13.0,31,92
160,2397,32:57.0,31,92
161,5435,50:02.0,31,93
162,3357,29:45.0,32,97
163,4371,00:24.0,32,97
164,3654,40:32.0,33,103
165,9646,23:23.0,33,103
166,4895,56:25.0,33,102
167,3590,13:39.0,33,102
168,4096,33:58.0,33,101
169,1814,54:03.0,33,101
170,2462,03:27.0,33,101
171,56,40:32.0,33,103
172,1710,27:57.0,34,107
173,4758,51:17.0,34,107
174,6619,52:48.0,34,107
175,5824,51:51.0,34,105
176,2091,35:06.0,34,107
177,2820,45:19.0,34,106
178,9558,34:54.0,35,110
179,2964,39:14.0,35,111
180,5870,07:30.0,35,109
181,9570,04:38.0,35,111
182,7443,54:43.0,35,109
183,6647,51:36.0,35,112
184,8787,19:05.0,36,117
185,1985,49:09.0,37,118
186,9242,07:17.0,37,118
187,821,34:39.0,37,118
188,44,37:54.0,37,118
189,7264,53:44.0,38,122
190,7070,45:28.0,38,120
191,2661,22:39.0,38,123
192,343,16:11.0,38,119
193,5893,42:23.0,38,121
194,8775,14:21.0,38,121
195,2259,02:28.0,38,120
196,8165,22:55.0,38,120
197,7878,57:51.0,39,124
198,9237,17:20.0,39,126
199,8435,17:53.0,40,128
200,8311,21:43.0,40,128
201,5438,11:04.0,40,130
202,4683,18:25.0,40,131
203,6675,23:24.0,40,129
204,2667,29:25.0,40,127
205,9298,34:34.0,40,131
206,6478,16:16.0,40,131
207,8142,38:21.0,40,131
208,3163,14:14.0,41,135
209,4710,06:39.0,41,134
210,3633,05:19.0,41,133
211,6890,10:02.0,41,132
212,3490,00:25.0,42,139
213,6470,10:02.0,42,139
214,1594,30:40.0,43,141
215,6498,38:00.0,43,141
216,5395,05:00.0,43,144
217,7730,39:55.0,43,142
218,2584,03:56.0,43,143
219,2450,06:22.0,43,144
220,7117,30:02.0,44,146
221,6370,32:09.0,44,146
222,8861,37:07.0,44,145
223,6622,30:20.0,44,146
224,8845,50:28.0,44,146
225,4990,40:30.0,44,145
226,6448,53:41.0,44,145
227,4050,21:18.0,44,145
228,9730,44:39.0,45,149
229,420,31:35.0,45,147
230,6014,31:46.0,46,152
231,4474,58:22.0,46,153
232,4126,06:00.0,46,154
233,6039,39:13.0,46,152
234,6180,37:14.0,46,153
235,2060,10:36.0,47,156
236,7097,22:42.0,47,157
237,8480,57:37.0,47,156
238,5465,05:43.0,48,159
239,8410,46:50.0,48,158
240,4094,47:49.0,48,158
241,8136,28:03.0,49,163
242,386,22:18.0,49,160
243,4713,02:57.0,50,164
244,6476,19:02.0,50,164
245,7947,20:06.0,50,164
246,8825,31:18.0,50,164
247,1396,50:04.0,52,166
248,3647,26:08.0,52,166
249,877,13:39.0,52,166
250,4129,11:40.0,52,166
251,2686,19:34.0,52,166
252,6875,28:52.0,54,172
253,3924,44:52.0,54,171
254,4969,56:16.0,54,173
255,2145,06:23.0,54,172
256,6672,06:04.0,54,172
257,4890,12:29.0,54,171
258,440,13:46.0,54,175
259,9637,10:43.0,54,171
260,6473,59:29.0,56,181
261,2799,35:38.0,56,181
262,4514,55:04.0,56,182
263,3290,54:19.0,57,185
264,3127,21:19.0,57,185
265,3579,20:22.0,57,186
266,3738,28:33.0,57,186
267,7820,37:34.0,57,186
268,6047,23:04.0,58,187
269,2039,47:32.0,58,188
270,1260,51:12.0,58,187
271,5895,19:40.0,58,187
272,9222,18:21.0,59,193
273,2371,39:35.0,59,193
274,579,34:24.0,59,189
275,7367,28:42.0,60,196
276,3929,20:12.0,61,198
277,925,48:31.0,61,198
278,1485,57:58.0,61,197
279,8420,44:22.0,61,197
280,2217,14:17.0,62,202
281,6658,04:24.0,62,199
282,3545,21:52.0,62,202
283,3865,09:20.0,62,199
284,3915,05:29.0,62,202
285,2661,58:44.0,62,203
286,5070,31:13.0,62,200
287,2259,51:43.0,63,204
288,7969,59:09.0,63,204
289,6438,52:08.0,63,204
290,1110,11:38.0,64,207
291,5144,11:06.0,64,208
292,2833,44:39.0,64,206
293,3952,26:19.0,64,205
294,2343,54:56.0,64,206
295,7994,33:15.0,64,208
296,9765,34:14.0,65,210
297,1676,43:47.0,65,211
298,6371,27:06.0,65,210
299,634,56:09.0,66,212
300,1591,07:50.0,66,213
301,798,42:02.0,66,213
302,1892,01:34.0,67,214
303,6192,31:44.0,67,215
304,6020,13:00.0,67,216
305,6443,31:07.0,67,215
306,8910,11:23.0,67,216
307,6734,13:13.0,68,217
308,9841,15:58.0,68,217
309,8644,21:06.0,68,217
310,6089,05:21.0,68,217
311,3520,36:34.0,69,219
312,9220,54:37.0,69,220
313,3597,22:52.0,70,224
314,166,52:49.0,70,223
315,3628,40:57.0,70,225
316,969,07:19.0,70,224
317,1360,47:55.0,70,225
318,2758,13:06.0,70,224
319,4733,41:09.0,70,222
320,1942,31:05.0,71,227
321,2567,15:15.0,72,231
322,1248,20:01.0,73,237
323,3222,03:47.0,73,236
324,2555,26:20.0,73,236
325,6540,39:26.0,74,241
326,7184,06:36.0,74,238
327,7920,41:57.0,74,238
328,3895,54:48.0,74,239
329,8957,20:50.0,74,238
330,5150,54:58.0,74,241
331,333,35:36.0,74,239
332,1125,07:32.0,74,238
333,7934,37:21.0,74,239
334,6289,40:32.0,75,242
335,9281,56:46.0,75,243
336,3640,21:30.0,76,244
337,2397,48:45.0,76,245
338,4318,21:21.0,76,244
339,3274,53:34.0,77,247
340,5421,13:47.0,77,248
341,1495,34:38.0,77,249
342,3365,01:55.0,77,248
343,5188,45:17.0,78,250
344,141,36:14.0,79,251
345,9894,54:46.0,79,251
346,4617,42:02.0,79,251
347,7652,17:05.0,79,251
348,4243,43:30.0,79,251
349,1444,30:32.0,79,251
350,5265,49:16.0,79,251
351,390,40:05.0,81,255
352,2488,46:55.0,81,254
353,8910,04:33.0,81,254
354,7980,58:48.0,81,255
355,7990,07:07.0,81,255
356,4950,30:48.0,81,254
357,4620,27:56.0,81,255
358,660,01:58.0,81,254
359,3742,28:04.0,82,257
360,7442,24:02.0,82,258
361,2864,40:55.0,82,256
362,4432,11:18.0,82,258
363,8721,49:27.0,82,256
364,7153,31:13.0,82,257
365,462,48:23.0,82,257
366,8959,12:00.0,83,259
367,639,58:42.0,84,261
368,8761,34:14.0,84,260
369,7138,20:02.0,84,260
370,5567,56:35.0,84,261
371,3534,42:32.0,84,261
372,4473,54:16.0,84,260
373,747,02:50.0,84,261
374,7389,06:18.0,84,261
375,2092,04:21.0,85,265
376,8644,18:43.0,85,262
377,5799,07:05.0,86,268
378,7186,07:54.0,86,269
379,7648,22:11.0,86,271
380,7120,51:02.0,87,272
381,3057,05:52.0,87,272
382,8481,13:48.0,87,274
383,7180,23:30.0,87,273
384,944,48:00.0,87,273
385,6890,27:58.0,88,276
386,897,27:02.0,88,275
387,1022,16:39.0,88,276
388,7528,51:42.0,88,276
389,2140,58:12.0,88,275
390,5183,27:58.0,88,276
391,4459,04:44.0,88,275
392,2633,32:59.0,88,276
393,9837,23:43.0,88,276
394,160,35:05.0,89,281
395,5286,15:27.0,89,278
396,3964,01:37.0,89,277
397,1190,23:19.0,89,279
398,9682,03:12.0,89,279
399,7009,58:54.0,89,280
400,95,21:25.0,89,279
401,7723,10:44.0,90,282
402,9644,09:20.0,90,282
403,3534,26:44.0,90,282
404,165,24:53.0,90,282
405,9613,12:51.0,90,282
406,9015,54:58.0,92,286
407,38,01:33.0,92,290
408,7348,02:11.0,92,290
409,1271,41:39.0,92,289
410,1720,05:31.0,93,291
411,5660,47:48.0,93,291
412,5528,16:30.0,94,292
413,53,27:54.0,94,292
414,9826,59:44.0,94,292
415,6934,29:53.0,94,292
416,1536,45:17.0,94,292
417,2352,58:40.0,94,292
418,2355,11:34.0,95,295
419,9541,42:26.0,95,296
420,5270,29:37.0,95,295
421,7233,51:23.0,95,295
422,864,37:04.0,95,296
423,6117,30:11.0,95,293
424,4393,22:15.0,95,294
425,638,27:06.0,95,294
426,4133,56:57.0,96,298
427,6390,05:43.0,96,298
428,2741,56:36.0,96,298
429,3152,37:28.0,96,298
430,5141,03:05.0,96,298
431,2162,41:41.0,96,298
432,4129,12:36.0,96,298
433,3950,04:24.0,97,299
434,9737,04:19.0,97,299
435,5228,37:47.0,97,299
436,2364,50:08.0,97,299
437,9699,36:03.0,97,299
438,9847,51:05.0,97,299
439,7678,17:43.0,97,299
440,3221,26:12.0,98,300
441,8619,45:50.0,98,301
442,3979,30:52.0,98,301
443,2270,29:04.0,98,301
444,1436,06:22.0,99,302
445,4140,32:30.0,99,304
446,44,20:13.0,99,302
447,3768,32:19.0,99,306
448,4955,00:03.0,99,303
449,5339,21:11.0,99,306
450,2173,46:48.0,99,304
451,1966,39:27.0,100,309
452,6470,03:14.0,100,311
453,8721,41:05.0,100,307
454,5239,08:55.0,101,314
455,1419,57:40.0,101,312
456,9450,07:15.0,101,313
457,5171,51:58.0,101,312
458,8109,43:26.0,102,315
459,7070,53:50.0,102,315
460,8230,10:08.0,102,315
461,1963,52:37.0,102,315
462,3196,04:15.0,102,315
463,9870,53:57.0,102,315
464,6351,41:56.0,102,315
465,6659,37:17.0,103,316
466,133,31:34.0,103,316
467,1776,20:38.0,103,317
468,2817,09:51.0,103,316
469,1064,35:49.0,103,317
470,8862,26:30.0,103,318
471,4184,52:42.0,104,319
472,8031,08:11.0,104,319
473,7356,42:35.0,104,319
474,4250,05:34.0,104,319
475,3090,44:16.0,104,319
476,872,52:25.0,104,319
477,3690,20:31.0,104,319
478,3350,16:46.0,104,319
479,1810,00:09.0,105,323
480,2487,47:11.0,106,326
481,1710,45:21.0,106,328
482,6936,26:29.0,106,327
483,4427,14:19.0,106,325
484,2643,05:41.0,106,326
485,5594,48:03.0,106,325
486,5439,43:57.0,106,328
487,6284,20:58.0,106,328
488,1420,42:56.0,106,328
489,2885,30:51.0,107,329
490,5992,52:31.0,107,332
491,5412,51:45.0,107,329
492,1310,11:32.0,108,336
493,3769,44:10.0,108,335
494,1630,00:47.0,108,334
495,9845,43:51.0,108,336
496,5054,41:07.0,108,335
497,2266,25:19.0,108,334
498,531,09:58.0,108,334
499,2665,01:29.0,109,338
500,2492,21:57.0,109,337
501,8738,25:39.0,109,338
502,7173,00:20.0,109,337
503,6978,25:57.0,109,338
504,6909,29:20.0,109,338
505,2546,33:38.0,109,338
506,4132,39:25.0,109,338
507,5453,18:18.0,109,337
508,735,07:39.0,110,342
509,6453,25:59.0,110,342
510,9890,33:15.0,110,339
511,4950,27:58.0,110,340
512,973,58:50.0,110,339
513,6330,53:29.0,110,342
514,7559,25:57.0,110,339
515,2280,07:07.0,110,342
516,7578,30:27.0,111,343
517,3175,19:29.0,111,343
518,8760,11:28.0,111,345
519,5070,25:08.0,111,344
520,6110,54:05.0,111,344
521,6433,28:34.0,111,344
522,2938,16:52.0,111,344
523,9596,18:12.0,112,346
524,5128,44:08.0,112,348
525,3426,40:48.0,112,347
526,3976,23:25.0,112,349
527,80,33:37.0,113,352
528,5879,37:35.0,113,351
529,3740,01:14.0,113,352
530,9370,12:20.0,114,353
531,640,06:26.0,114,354
532,2790,50:34.0,114,353
533,1854,33:15.0,114,354
534,9350,23:23.0,114,354
535,4873,50:29.0,114,354
536,3970,41:34.0,114,354
537,8789,04:21.0,114,354
538,4436,25:15.0,115,355
539,8420,50:56.0,115,357
540,4978,20:08.0,115,355
541,3228,50:49.0,115,355
542,5257,03:37.0,115,355
543,2049,52:38.0,115,356
544,1395,07:31.0,115,357
545,6611,00:43.0,116,359
546,5969,37:05.0,116,358
547,5813,55:03.0,117,364
548,7051,33:27.0,117,361
549,4798,55:51.0,117,364
550,3526,58:31.0,117,364
551,860,10:34.0,117,362
552,822,25:58.0,117,362
553,3013,20:14.0,117,363
554,5850,07:31.0,120,376
555,5455,01:56.0,120,373
556,165,32:03.0,120,374
557,1462,31:31.0,120,375
558,511,14:18.0,120,373
559,5129,35:09.0,120,376
560,8213,48:51.0,121,378
561,3325,53:54.0,121,377
562,668,36:24.0,121,378
563,597,08:23.0,121,377
564,3250,58:14.0,121,378
565,9086,44:38.0,121,379
566,7017,06:32.0,121,378
567,9100,40:45.0,121,377
568,5642,29:37.0,121,378
569,1345,37:45.0,122,382
570,6722,16:03.0,122,383
571,8248,20:37.0,122,381
572,7683,53:43.0,122,383
573,5376,38:48.0,122,383
574,4927,00:49.0,122,384
575,4243,14:35.0,123,386
576,3813,25:48.0,123,387
577,7137,35:54.0,123,385
578,767,15:00.0,123,385
579,2150,37:34.0,123,385
580,1814,12:55.0,123,387
581,8825,53:22.0,123,387
582,1218,51:00.0,123,385
583,5650,05:36.0,125,392
584,2669,10:28.0,125,391
585,1328,30:38.0,125,391
586,350,05:35.0,125,393
587,8081,32:33.0,125,392
588,9079,03:36.0,125,392
589,4588,16:10.0,126,394
590,4467,49:58.0,126,394
591,537,51:12.0,126,394
592,2176,27:05.0,126,394
593,6518,20:27.0,126,394
594,8150,40:18.0,126,394
595,9590,33:00.0,126,394
596,7031,18:22.0,126,394
597,4742,37:10.0,126,394
598,7513,13:25.0,127,397
599,1267,55:03.0,127,399
600,1495,46:02.0,127,399
601,6673,40:03.0,127,397
602,6745,43:30.0,127,398
603,1324,11:31.0,127,395
604,9487,28:01.0,128,400
605,5058,29:02.0,128,400
606,628,47:20.0,129,401
607,2290,34:09.0,129,401
608,7142,36:48.0,129,401
609,7468,08:41.0,129,401
610,3771,09:15.0,129,401
611,8264,50:00.0,129,401
612,5154,14:49.0,129,401
613,2777,49:49.0,129,401
614,8420,03:25.0,131,406
615,7295,57:39.0,131,406
616,7811,18:49.0,131,406
617,7420,51:06.0,131,406
618,3979,44:56.0,131,406
619,8670,56:25.0,131,406
620,613,16:35.0,132,409
621,5386,21:47.0,132,411
622,1054,08:34.0,132,409
623,6648,00:57.0,132,411
624,9334,23:18.0,132,411
625,4381,53:54.0,132,411
626,645,40:17.0,132,408
627,2224,15:01.0,132,407
628,4310,13:33.0,133,414
629,8130,08:08.0,133,414
630,4791,37:20.0,133,415
631,7009,39:15.0,133,412
632,8784,14:29.0,133,412
633,8332,17:31.0,134,417
634,9819,06:54.0,134,417
635,2356,40:09.0,134,416
636,7640,29:24.0,134,417
637,3597,43:10.0,134,416
638,6636,42:41.0,134,416
639,8679,41:02.0,135,422
640,480,02:17.0,136,425
641,748,03:53.0,136,425
642,9656,29:51.0,136,425
643,4953,43:20.0,136,425
644,1577,09:03.0,138,430
645,199,19:49.0,138,431
646,1791,51:30.0,138,430
647,7516,13:44.0,138,429
648,471,53:26.0,138,428
649,2927,40:47.0,138,430
650,9676,48:20.0,138,430
651,8730,20:47.0,138,430
652,6978,58:25.0,139,433
653,9570,12:16.0,139,433
654,7250,01:42.0,140,435
655,530,16:17.0,141,436
656,8678,04:31.0,141,436
657,8114,05:49.0,141,436
658,3422,18:24.0,141,436
659,6356,05:11.0,142,437
660,5826,38:02.0,142,438
661,7833,38:03.0,142,438
662,219,53:37.0,142,438
663,6472,58:39.0,142,437
664,4874,08:39.0,142,438
665,8145,20:59.0,142,437
666,9847,14:30.0,142,438
667,8316,56:21.0,142,437
668,8654,48:13.0,143,441
669,4430,45:56.0,143,442
670,4642,38:57.0,143,442
671,8373,02:43.0,143,444
672,8030,10:54.0,143,440
673,1536,49:56.0,143,442
674,73,07:40.0,143,440
675,5352,48:22.0,144,445
676,1777,15:27.0,144,448
677,5014,12:22.0,144,447
678,780,25:28.0,144,445
679,8570,17:13.0,144,445
680,2170,54:26.0,144,445
681,3411,38:54.0,145,450
682,1644,29:35.0,145,449
683,836,18:36.0,145,450
684,7194,49:03.0,145,452
685,3431,33:00.0,145,449
686,4542,53:36.0,145,449
687,3329,24:02.0,145,451
688,1564,39:26.0,146,454
689,5755,02:45.0,146,454
690,3579,11:21.0,146,454
691,3260,48:38.0,146,453
692,2533,31:38.0,147,456
693,4378,24:34.0,148,460
694,7118,06:44.0,148,462
695,2472,32:44.0,148,461
696,110,28:56.0,148,459
697,2350,17:46.0,148,461
698,2896,33:41.0,148,461
699,4856,01:23.0,150,472
700,4933,50:40.0,150,469
701,5654,32:28.0,150,471
702,5576,50:13.0,150,468
703,5046,27:33.0,150,469
704,8548,20:05.0,150,471
705,2614,46:10.0,151,473
706,3422,11:58.0,151,473
707,6986,47:48.0,151,473
708,7509,34:06.0,151,473
709,281,21:38.0,151,473
710,2030,02:24.0,151,473
711,5067,10:15.0,151,473
712,1944,34:25.0,151,473
713,7095,18:57.0,152,474
714,977,20:03.0,152,474
715,4368,53:17.0,152,475
716,3629,48:22.0,152,474
717,2347,11:47.0,152,475
718,8980,12:32.0,152,474
719,9131,48:40.0,152,474
720,5734,02:14.0,152,475
721,4247,29:10.0,152,475
722,7075,57:36.0,153,477
723,1628,14:32.0,153,477
724,8925,41:14.0,153,479
725,98,54:27.0,153,478
726,5446,45:25.0,153,479
727,6370,41:45.0,153,478
728,4847,17:53.0,153,477
729,759,55:51.0,154,481
730,9623,54:22.0,154,481
731,9112,56:03.0,154,480
732,4465,46:36.0,154,482
733,4559,58:02.0,155,483
734,7233,01:50.0,155,484
735,110,21:09.0,155,483
736,8796,12:16.0,155,485
737,2144,13:14.0,155,483
738,770,56:33.0,155,484
739,7845,00:41.0,156,487
740,892,13:44.0,156,488
741,3993,31:04.0,156,490
742,525,03:57.0,157,494
743,6994,00:33.0,157,491
744,4040,44:49.0,157,493
745,672,39:33.0,157,492
746,9358,46:48.0,157,492
747,827,43:22.0,157,494
748,280,10:41.0,157,493
749,9357,52:32.0,157,492
750,9382,09:11.0,157,493
751,6100,19:00.0,158,497
752,8594,36:34.0,158,497
753,8643,13:32.0,158,498
754,5323,00:48.0,158,498
755,1481,42:13.0,158,498
756,5240,58:43.0,158,497
757,2596,29:02.0,158,496
758,2620,11:15.0,158,496
759,8957,35:01.0,158,496
760,7326,42:24.0,159,500
761,888,48:37.0,159,499
762,3319,23:21.0,159,499
763,3070,38:14.0,160,502
764,3571,42:35.0,160,501
765,5098,02:40.0,160,501
766,3120,30:26.0,160,505
767,2854,12:05.0,162,514
768,5536,01:13.0,162,512
769,3968,03:42.0,163,519
770,9643,40:11.0,163,519
771,9493,52:10.0,163,516
772,30,08:36.0,163,519
773,211,03:43.0,163,517
774,1632,09:36.0,164,522
775,9056,34:14.0,164,524
776,5960,58:15.0,164,521
777,6509,45:11.0,164,524
778,9440,35:07.0,164,520
779,5948,30:07.0,164,522
780,5110,02:31.0,164,523
781,9887,34:13.0,164,523
782,9216,06:02.0,165,529
783,2432,40:57.0,165,529
784,3349,06:49.0,165,529
785,4516,40:54.0,165,525
786,7865,05:37.0,166,531
787,2364,44:39.0,166,531
788,4423,26:32.0,166,532
789,6043,54:55.0,166,531
790,6314,24:59.0,166,532
791,533,29:42.0,166,530
792,161,00:19.0,166,531
793,5147,42:31.0,166,532
794,3331,09:30.0,167,537
795,250,41:13.0,167,536
796,9682,15:46.0,167,534
797,444,42:36.0,167,535
798,5010,08:12.0,168,538
799,8610,39:11.0,168,538
800,9645,58:11.0,168,538
801,7437,18:31.0,168,538
802,7940,29:41.0,168,538
803,9280,59:41.0,169,539
804,8964,26:27.0,169,539
805,1270,19:25.0,169,539
806,8654,15:09.0,169,539
807,1519,24:09.0,169,539
808,158,36:07.0,169,539
809,1288,32:05.0,169,539
810,2600,34:14.0,170,541
811,7398,42:54.0,170,540
812,7151,57:53.0,170,541
813,345,43:23.0,170,540
814,5457,48:47.0,170,542
815,1460,09:38.0,170,542
816,6778,24:56.0,170,540
817,3440,43:14.0,171,544
818,2157,12:48.0,171,544
819,3118,50:28.0,171,543
820,810,57:13.0,171,545
821,7912,33:44.0,171,543
822,894,58:53.0,172,546
823,7920,54:49.0,172,548
824,2011,42:46.0,172,546
825,517,51:15.0,172,547
826,8313,36:24.0,172,547
827,1120,19:42.0,172,547
828,5020,18:32.0,172,548
829,3112,45:32.0,172,546
830,6838,12:47.0,172,547
831,9850,26:39.0,174,555
832,4570,05:02.0,174,554
833,8920,55:50.0,175,556
834,6237,05:18.0,175,557
835,3874,59:41.0,175,556
836,7534,38:31.0,175,557
837,4822,34:30.0,175,557
838,7865,35:51.0,176,560
839,5763,23:49.0,176,561
840,3479,50:07.0,176,559
841,8274,32:09.0,176,561
842,2900,38:08.0,176,558
843,6594,00:25.0,176,559
844,2980,08:26.0,176,559
845,3250,26:45.0,176,559
846,5170,20:21.0,176,561
847,8899,53:29.0,177,565
848,2576,43:36.0,177,563
849,5710,07:09.0,177,565
850,9391,06:06.0,177,565
851,787,41:34.0,177,564
852,6417,54:42.0,178,569
853,6695,45:37.0,178,568
854,6884,26:37.0,178,567
855,8250,07:04.0,179,571
856,6340,55:32.0,181,578
857,890,17:49.0,181,578
858,6940,08:41.0,181,578
859,2341,49:38.0,181,578
860,9220,44:47.0,182,580
861,8379,12:54.0,182,580
862,5260,58:54.0,182,580
863,6740,58:33.0,182,579
864,8876,26:02.0,183,586
865,8932,46:06.0,183,582
866,6780,55:36.0,184,587
867,2556,54:10.0,184,587
868,7220,23:41.0,184,587
869,1470,36:08.0,184,587
870,8341,08:20.0,184,587
871,8579,19:39.0,184,587
872,814,38:20.0,185,588
873,5247,16:40.0,186,589
874,2099,19:13.0,186,589
875,390,31:39.0,186,589
876,8298,22:59.0,186,590
877,2359,54:00.0,187,591
878,5538,09:33.0,187,593
879,5654,22:03.0,189,599
880,6110,11:16.0,189,596
881,9382,30:34.0,189,597
882,2783,48:15.0,189,599
883,438,58:55.0,189,598
884,8138,30:21.0,189,598
885,7429,46:29.0,189,597
886,4298,11:56.0,189,599
887,2681,22:03.0,189,599
888,4636,20:19.0,190,602
889,564,52:56.0,190,602
890,4691,50:14.0,190,601
891,4467,46:16.0,190,602
892,8280,54:56.0,190,602
893,6312,15:07.0,190,602
894,2928,51:50.0,191,603
895,4412,19:52.0,191,604
896,2078,59:02.0,191,605
897,8039,15:37.0,191,604
898,7263,07:48.0,192,609
899,3979,31:13.0,192,608
900,7987,13:19.0,192,607
901,458,38:13.0,192,610
902,2542,52:28.0,193,613
903,3921,47:49.0,194,617
904,9140,26:01.0,194,617
905,7066,20:10.0,194,617
906,4561,32:58.0,194,616
907,9721,07:20.0,194,616
908,3920,13:54.0,194,617
909,67,28:35.0,194,617
910,754,51:22.0,194,616
911,4300,44:29.0,195,618
912,476,01:00.0,196,625
913,4040,25:38.0,197,628
914,7097,13:58.0,197,629
915,7809,22:06.0,198,633
916,9223,01:44.0,198,633
917,4299,50:26.0,198,631
918,7514,24:55.0,198,630
919,9583,30:00.0,198,632
920,2236,21:29.0,198,631
921,4770,15:25.0,200,635
922,7773,48:51.0,201,637
923,2599,23:00.0,201,638
924,2189,52:16.0,201,637
925,3243,50:15.0,202,639
926,7097,28:04.0,202,639
927,7534,45:05.0,202,639
928,4217,14:04.0,202,639
929,1620,27:00.0,202,639
930,9266,00:29.0,202,639
931,5160,01:05.0,202,639
932,8510,16:33.0,202,639
933,482,50:01.0,203,641
934,969,25:12.0,203,641
935,6567,30:56.0,203,641
936,8980,18:08.0,203,641
937,8078,36:16.0,203,641
938,7120,25:11.0,204,644
939,4281,31:55.0,205,646
940,7981,39:34.0,205,646
941,1145,32:28.0,205,646
942,9738,28:08.0,205,646
943,2935,25:28.0,205,646
944,7823,35:23.0,205,646
945,8428,22:10.0,205,646
946,5215,06:45.0,205,646
947,2210,41:20.0,207,650
948,8238,38:04.0,207,651
949,2729,27:19.0,207,652
950,3590,03:17.0,207,650
951,3667,52:17.0,207,652
952,8550,02:52.0,207,650
953,828,49:28.0,207,653
954,5767,12:18.0,207,652
955,6431,46:05.0,207,653
956,1593,25:48.0,208,654
957,7381,05:14.0,208,656
958,3411,17:44.0,209,662
959,3634,29:32.0,209,660
960,3148,35:33.0,209,662
961,4150,47:06.0,209,662
962,8028,25:41.0,209,660
963,491,19:49.0,209,661
964,5914,47:13.0,209,660
965,661,42:26.0,210,664
966,6070,58:20.0,210,664
967,1355,28:50.0,210,664
968,6350,50:32.0,210,664
969,2681,29:46.0,210,664
970,6912,26:18.0,211,665
971,8790,05:19.0,211,665
972,3472,03:00.0,211,665
973,3096,01:35.0,211,666
974,2030,37:15.0,211,665
975,9332,01:05.0,211,666
976,4521,56:28.0,211,666
977,5874,24:55.0,211,666
978,4926,55:08.0,211,665
979,7765,34:46.0,212,668
980,4721,34:40.0,212,670
981,9640,15:25.0,212,667
982,574,38:46.0,212,668
983,5393,46:08.0,212,668
984,5670,07:51.0,212,670
985,5376,29:44.0,212,667
986,1948,12:36.0,212,669
987,4914,20:41.0,212,669
988,4614,43:12.0,213,671
989,3239,26:08.0,214,674
990,5318,46:58.0,214,673
991,5034,18:35.0,214,673
992,2154,43:40.0,214,674
993,6645,00:00.0,214,673
994,9820,57:38.0,214,672
995,514,20:13.0,214,674
996,9290,39:08.0,214,674
997,9173,11:16.0,215,677
998,6525,25:09.0,215,676
999,5315,07:15.0,215,675
1000,7025,12:25.0,215,675
1001,5657,56:20.0,215,677
1002,8599,45:58.0,215,677
1003,1269,04:43.0,216,682
1004,7439,54:45.0,216,680
1005,4276,26:37.0,216,678
1006,2231,32:53.0,216,681
1007,4300,35:39.0,216,680
1008,6014,30:04.0,216,681
1009,2317,45:58.0,216,679
1010,24,28:36.0,216,681
1011,9240,59:51.0,217,683
1012,4218,19:29.0,217,683
1013,2659,45:25.0,217,683
1014,3268,17:43.0,217,683
1015,2445,34:00.0,217,683
1016,9880,19:13.0,217,683
1017,5869,26:40.0,217,683
1018,3290,00:16.0,217,683
1019,6734,03:17.0,217,683
1020,3317,17:47.0,219,689
1021,7700,55:33.0,219,690
1022,6813,52:21.0,220,694
1023,6841,57:23.0,220,694
1024,6880,53:31.0,220,694
1025,8011,35:13.0,221,699
1026,834,08:07.0,221,698
1027,7023,55:41.0,221,695
1028,4847,50:38.0,221,695
1029,2944,12:50.0,222,701
1030,3878,32:44.0,222,703
1031,5836,26:39.0,222,701
1032,3147,17:10.0,223,705
1033,7019,41:20.0,224,707
1034,9233,25:54.0,225,713
1035,1365,12:32.0,226,714
1036,9054,00:35.0,226,714
1037,9872,40:33.0,227,715
1038,3170,04:27.0,227,715
1039,4587,55:02.0,227,715
1040,1192,42:32.0,227,715
1041,9470,50:11.0,228,716
1042,7220,22:36.0,228,716
1043,7264,02:16.0,228,716
1044,7270,12:20.0,228,716
1045,6619,01:55.0,229,719
1046,2948,01:15.0,229,719
1047,376,45:05.0,229,718
1048,4890,21:11.0,229,721
1049,6217,47:22.0,229,720
1050,5651,08:37.0,229,717
1051,6888,42:54.0,229,717
1052,560,05:39.0,229,718
1053,1259,12:25.0,229,720
1054,9660,19:22.0,230,723
1055,8897,09:20.0,230,722
1056,5517,30:17.0,230,724
1057,6709,25:21.0,231,729
1058,8484,47:52.0,231,727
1059,3852,18:51.0,231,725
1060,7690,18:40.0,231,728
1061,9172,33:16.0,231,727
1062,2370,08:09.0,231,729
1063,2469,40:07.0,232,730
1064,6652,59:53.0,232,730
1065,1275,55:18.0,233,733
1066,1541,47:47.0,233,736
1067,4478,44:27.0,233,736
1068,2570,17:50.0,234,737
1069,3393,43:32.0,234,737
1070,6217,26:49.0,235,739
1071,2827,07:12.0,235,739
1072,5298,03:39.0,235,739
1073,3810,11:10.0,235,738
1074,7737,27:27.0,235,739
1075,4124,43:11.0,235,739
1076,9880,46:20.0,235,738
1077,983,55:32.0,235,739
1078,4275,19:30.0,236,740
1079,649,04:12.0,236,740
1080,6956,58:43.0,236,740
1081,6345,12:16.0,236,740
1082,2364,09:15.0,236,740
1083,4955,19:05.0,237,745
1084,7997,00:10.0,237,742
1085,4823,00:29.0,237,741
1086,2475,46:33.0,239,750
1087,8083,06:21.0,239,750
1088,8668,27:12.0,239,750
1089,6043,57:22.0,239,750
1090,8175,53:55.0,239,750
1091,4268,10:24.0,239,750
1092,6933,17:25.0,239,750
1093,880,46:56.0,239,750
1094,873,14:15.0,239,750
1095,9113,55:25.0,240,751
1096,1761,15:13.0,240,755
1097,5024,02:07.0,240,754
1098,8168,30:09.0,241,757
1099,1335,50:34.0,241,759
1100,6994,36:04.0,241,760
1101,8388,44:46.0,241,758
1102,6142,03:53.0,241,758
1103,3760,12:10.0,241,759
1104,265,03:40.0,241,756
1105,540,42:13.0,241,756
1106,3570,23:08.0,241,760
1107,2831,05:51.0,242,762
1108,3646,47:58.0,242,763
1109,4929,38:19.0,242,763
1110,610,17:25.0,243,768
1111,7430,28:26.0,244,769
1112,4115,03:32.0,244,772
1113,7278,15:20.0,244,769
1114,8479,44:17.0,244,770
1115,2925,20:43.0,244,770
1116,5999,31:12.0,244,770
1117,3876,21:53.0,245,774
1118,3956,14:17.0,245,776
1119,7943,27:24.0,245,773
1120,5665,09:57.0,245,776
1121,2180,03:30.0,245,774
1122,3538,04:03.0,245,773
1123,328,10:40.0,245,773
1124,3686,50:29.0,246,778
1125,1997,40:56.0,246,778
1126,7266,08:26.0,246,777
1127,2222,22:16.0,247,780
1128,1726,16:41.0,247,781
1129,7252,11:59.0,247,780
1130,6783,32:09.0,248,784
1131,796,38:07.0,248,785
1132,1839,49:37.0,249,789
1133,639,34:30.0,249,787
1134,1811,45:50.0,249,787
1135,3722,16:06.0,250,790
1136,2834,28:16.0,251,795
1137,4760,51:41.0,251,794
1138,4651,06:16.0,251,795
1139,2010,05:00.0,251,797
1140,8572,40:18.0,251,794
1141,3927,28:42.0,251,796
1142,8990,36:43.0,251,797
1143,4729,17:15.0,252,800
1144,2617,48:13.0,252,799
1145,4610,32:12.0,252,799
1146,8991,51:08.0,252,800
1147,3295,16:51.0,252,799
1148,4365,55:31.0,252,800
1149,7231,54:41.0,252,800
1150,8642,23:32.0,253,802
1151,6264,52:06.0,253,801
1152,813,13:18.0,253,802
1153,1349,30:19.0,253,801
1154,152,47:23.0,253,802
1155,948,29:26.0,253,801
1156,3753,13:38.0,254,803
1157,2210,35:09.0,254,805
1158,3797,41:02.0,254,806
1159,2619,04:37.0,254,803
1160,5491,47:28.0,256,808
1161,9844,37:54.0,256,808
1162,1878,47:21.0,256,808
1163,1165,35:26.0,256,809
1164,1110,23:45.0,256,808
1165,2580,30:05.0,256,808
1166,2946,38:26.0,256,808
1167,1985,51:12.0,256,809
1168,2453,32:15.0,256,809
1169,2123,20:02.0,257,812
1170,1848,13:45.0,257,812
1171,3722,03:26.0,257,812
1172,9127,46:36.0,257,811
1173,9776,30:00.0,257,811
1174,1520,42:43.0,258,813
1175,9141,56:18.0,258,813
1176,2477,38:36.0,258,813
1177,7809,23:06.0,259,816
1178,1685,58:27.0,259,815
1179,2319,58:17.0,259,815
1180,2028,45:59.0,259,814
1181,5244,12:05.0,259,815
1182,7048,43:03.0,259,815
1183,6922,44:23.0,260,818
1184,8461,17:28.0,261,821
1185,6298,11:01.0,261,819
1186,8754,34:15.0,261,819
1187,1477,30:37.0,261,821
1188,3936,11:17.0,262,824
1189,1143,10:13.0,262,823
1190,9731,17:25.0,262,824
1191,4754,21:49.0,262,822
1192,3434,24:48.0,262,823
1193,2916,26:04.0,262,825
1194,7923,21:02.0,262,822
1195,3927,27:58.0,262,823
1196,4924,41:37.0,262,824
1197,7538,41:36.0,263,826
1198,1732,11:32.0,263,826
1199,941,39:31.0,263,829
1200,8486,42:15.0,263,827
1201,2020,10:01.0,263,826
1202,3879,11:01.0,263,829
1203,56,58:03.0,263,828
1204,8712,40:28.0,263,827
1205,1850,13:54.0,263,826
1206,7765,19:13.0,264,831
1207,742,07:52.0,264,831
1208,6766,57:07.0,264,831
1209,9450,04:23.0,264,830
1210,8327,13:20.0,264,831
1211,7553,36:54.0,265,833
1212,3332,03:00.0,265,835
1213,8965,23:37.0,267,837
1214,7444,12:51.0,268,839
1215,7548,05:33.0,268,838
1216,2459,54:19.0,268,839
1217,8285,24:08.0,269,844
1218,66,52:53.0,269,844
1219,4690,35:23.0,269,845
1220,9350,48:00.0,269,845
1221,2027,46:56.0,269,844
1222,4032,14:42.0,269,843
1223,4935,52:59.0,270,847
1224,8993,29:09.0,270,847
1225,4350,10:25.0,270,847
1226,6055,35:58.0,270,847
1227,6192,18:27.0,270,847
1228,8690,58:03.0,271,849
1229,5128,22:40.0,271,851
1230,3531,19:41.0,271,851
1231,4277,32:13.0,271,849
1232,4726,45:23.0,271,851
1233,1449,26:43.0,271,851
1234,5031,06:10.0,272,853
1235,9800,03:55.0,272,853
1236,3892,01:45.0,272,853
1237,5240,28:52.0,272,853
1238,9571,50:10.0,273,854
1239,8062,04:08.0,273,854
1240,7418,41:36.0,273,854
1241,5144,58:59.0,273,854
1242,6285,10:26.0,273,854
1243,5277,29:04.0,273,854
1244,8122,12:53.0,273,854
1245,1325,35:24.0,273,854
1246,2421,51:40.0,273,854
1247,8623,38:10.0,274,858
1248,9530,25:29.0,274,858
1249,9483,00:20.0,274,856
1250,215,28:46.0,274,859
1251,5228,31:40.0,274,856
1252,9117,27:14.0,274,857
1253,8460,57:42.0,274,858
1254,5342,30:26.0,274,857
1255,2210,43:58.0,275,860
1256,6956,05:42.0,275,862
1257,3613,02:04.0,275,863
1258,6993,25:58.0,275,862
1259,1978,50:47.0,275,861
1260,3372,07:39.0,275,863
1261,2178,53:25.0,276,864
1262,8652,30:29.0,276,864
1263,2827,04:57.0,276,868
1264,7870,34:38.0,276,864
1265,9220,06:40.0,277,869
1266,1050,58:03.0,277,869
1267,8651,50:07.0,277,870
1268,6494,47:07.0,277,869
1269,848,56:36.0,277,870
1270,5491,13:14.0,277,869
1271,3750,02:47.0,278,871
1272,2684,11:32.0,278,871
1273,8829,15:24.0,278,871
1274,8466,35:02.0,279,872
1275,8330,25:15.0,280,878
1276,9432,17:35.0,280,877
1277,8050,59:04.0,280,877
1278,50,35:43.0,280,878
1279,6178,53:16.0,280,878
1280,2744,59:47.0,280,879
1281,482,50:41.0,280,878
1282,720,37:00.0,280,879
1283,2138,23:56.0,283,889
1284,1960,21:22.0,283,887
1285,7059,59:52.0,283,889
1286,8451,26:31.0,283,890
1287,7693,11:41.0,283,888
1288,1675,20:14.0,283,889
1289,1464,42:16.0,283,887
1290,1160,31:29.0,284,891
1291,1694,11:39.0,284,891
1292,2559,52:11.0,284,892
1293,4512,21:16.0,284,891
1294,6690,26:57.0,285,893
1295,6548,17:55.0,285,894
1296,3985,12:51.0,286,899
1297,4058,13:54.0,286,899
1298,5435,08:26.0,286,895
1299,4910,19:15.0,287,901
1300,582,27:54.0,287,903
1301,8816,24:56.0,287,902
1302,3443,10:31.0,287,903
1303,3550,46:06.0,287,902
1304,6755,53:43.0,287,901
1305,7245,25:25.0,288,904
1306,9537,23:45.0,289,906
1307,8550,21:14.0,289,905
1308,7847,07:48.0,289,906
1309,5992,37:14.0,289,906
1310,1019,41:45.0,289,906
1311,8187,07:40.0,290,909
1312,3626,16:38.0,290,910
1313,370,16:15.0,290,908
1314,1964,18:10.0,290,908
1315,5258,58:37.0,290,911
1316,2593,00:56.0,290,909
1317,4962,58:13.0,290,908
1318,3137,15:11.0,290,908
1319,3318,07:22.0,290,909
1320,5091,20:26.0,291,912
1321,7751,33:18.0,291,912
1322,6099,45:37.0,292,914
1323,1082,58:19.0,292,914
1324,4675,32:21.0,292,914
1325,3249,40:08.0,292,914
1326,1591,31:07.0,292,914
1327,121,01:28.0,292,914
1328,3340,35:17.0,294,921
1329,8890,50:57.0,294,919
1330,8971,08:23.0,294,921
1331,5643,54:36.0,294,921
1332,1973,16:10.0,294,921
1333,9630,32:46.0,294,920
1334,5999,13:34.0,295,922
1335,4918,12:03.0,295,922
1336,5585,38:13.0,296,926
1337,5080,27:41.0,296,927
1338,8979,55:29.0,296,925
1339,4686,28:40.0,296,926
1340,3536,35:42.0,296,927
1341,8739,42:32.0,297,928
1342,1156,32:22.0,297,928
1343,1618,02:11.0,297,928
1344,3354,50:22.0,299,936
1345,1957,33:14.0,299,937
1346,9746,48:38.0,300,938
1347,5147,20:12.0,300,938
1348,7548,45:47.0,300,938
1349,2659,31:46.0,300,938
1350,6875,32:16.0,300,938
1351,8233,53:36.0,300,938
1352,8489,23:07.0,301,942
1353,8876,12:42.0,302,943
1354,4054,02:05.0,302,943
1355,6550,54:39.0,302,943
1356,9850,37:16.0,302,943
1357,8652,59:28.0,302,943
1358,6848,53:39.0,303,946
1359,665,25:03.0,303,946
1360,5087,56:20.0,303,946
1361,2974,26:46.0,304,949
1362,9127,20:57.0,304,947
1363,340,26:42.0,304,948
1364,59,01:53.0,304,949
1365,918,14:05.0,304,948
1366,2924,48:51.0,304,949
1367,3646,14:01.0,304,949
1368,3040,50:23.0,305,950
1369,9223,14:12.0,305,951
1370,1343,34:30.0,305,951
1371,7570,53:16.0,305,950
1372,816,47:23.0,305,951
1373,2048,05:25.0,305,951
1374,6929,43:17.0,305,950
1375,1680,15:53.0,305,951
1376,4131,45:18.0,305,951
1377,6877,03:16.0,306,952
1378,2220,31:22.0,306,952
1379,3268,44:30.0,307,955
1380,4590,08:17.0,308,958
1381,3710,41:07.0,308,958
1382,3290,29:47.0,308,959
1383,2874,34:34.0,308,956
1384,9360,31:23.0,309,960
1385,9238,46:48.0,309,960
1386,1557,35:24.0,309,960
1387,5510,41:07.0,309,960
1388,7623,14:15.0,309,960
1389,885,14:31.0,309,960
1390,2662,32:07.0,309,960
1391,3135,05:33.0,309,960
1392,7430,55:23.0,310,961
1393,143,59:07.0,311,965
1394,2088,09:16.0,311,964
1395,2352,04:03.0,311,964
1396,5471,44:41.0,312,967
1397,4599,16:54.0,312,966
1398,7641,32:00.0,312,967
1399,7853,32:48.0,312,966
1400,1342,45:08.0,312,968
1401,1081,31:20.0,312,966
1402,7920,07:55.0,312,967
1403,4350,23:58.0,312,966
1404,817,30:44.0,312,968
1405,7822,56:28.0,313,971
1406,7455,00:42.0,313,970
1407,8553,53:40.0,313,969
1408,3188,07:10.0,314,973
1409,1014,07:45.0,314,974
1410,5092,05:43.0,314,976
1411,7798,32:50.0,314,975
1412,5370,46:33.0,314,973
1413,1028,40:01.0,314,975
1414,3619,10:15.0,314,973
1415,3635,31:36.0,315,977
1416,4327,53:32.0,315,977
1417,2636,20:11.0,315,978
1418,4337,24:53.0,316,980
1419,8950,59:38.0,316,980
1420,6116,22:47.0,316,979
1421,8650,44:05.0,316,980
1422,5892,20:11.0,316,981
1423,3990,51:01.0,316,980
1424,4926,56:31.0,317,983
1425,2118,40:14.0,317,983
1426,9426,09:33.0,317,982
1427,8415,13:58.0,318,986
1428,539,03:21.0,318,986
1429,1283,17:43.0,318,986
1430,927,16:43.0,319,990
1431,5377,32:57.0,319,989
1432,6777,41:36.0,319,989
1433,3433,20:15.0,319,988
1434,3215,26:52.0,320,991
1435,3011,07:11.0,321,993
1436,8246,13:10.0,321,994
1437,4360,54:59.0,321,994
1438,2988,01:04.0,322,997
1439,8865,27:05.0,322,996
1440,461,10:47.0,323,1001
1441,9727,07:09.0,324,1003
1442,8430,53:32.0,324,1002
1443,1341,33:05.0,324,1002
1444,4676,37:28.0,325,1005
1445,2341,26:01.0,325,1005
1446,669,10:46.0,325,1006
1447,8036,58:14.0,325,1006
1448,4685,25:25.0,325,1008
1449,2679,19:18.0,326,1010
1450,2010,19:33.0,327,1015
1451,0,50:03.0,327,1014
1452,6361,42:33.0,327,1016
1453,7754,27:22.0,327,1016
1454,5156,27:28.0,327,1013
1455,6645,55:15.0,327,1016
1456,9858,37:06.0,327,1017
1457,1312,04:30.0,328,1018
1458,4214,43:27.0,328,1018
1459,3636,21:08.0,328,1018
1460,655,00:03.0,328,1018
1461,2939,40:20.0,328,1018
1462,8659,33:29.0,329,1019
1463,7284,25:06.0,330,1020
1464,2420,41:14.0,331,1023
1465,3870,39:02.0,331,1023
1466,4547,20:19.0,331,1023
1467,131,53:56.0,331,1023
1468,4826,20:46.0,332,1024
1469,1821,01:08.0,332,1024
1470,549,28:46.0,332,1025
1471,8184,06:56.0,332,1024
1472,4852,49:56.0,332,1024
1473,9266,21:14.0,332,1024
1474,8298,22:50.0,332,1025
1475,3840,19:12.0,332,1024
1476,2737,11:41.0,332,1025
1477,6881,57:51.0,333,1030
1478,4760,40:26.0,333,1027
1479,3052,21:05.0,334,1031
1480,4418,08:34.0,334,1032
1481,1689,58:59.0,334,1032
1482,6117,38:27.0,334,1032
1483,7297,31:45.0,334,1033
1484,1411,43:29.0,334,1032
1485,3847,22:27.0,335,1035
1486,311,38:40.0,335,1034
1487,3036,41:07.0,335,1035
1488,7952,35:32.0,336,1038
1489,788,49:48.0,336,1036
1490,458,59:53.0,337,1041
1491,6675,55:35.0,337,1041
1492,5846,32:22.0,338,1042
1493,4175,50:28.0,338,1042
1494,9777,24:38.0,338,1042
1495,2621,04:12.0,338,1042
1496,9830,38:25.0,338,1042
1497,681,12:02.0,338,1042
1498,534,43:55.0,338,1042
1499,3938,51:54.0,339,1043
1500,9325,39:49.0,339,1043
1501,9478,14:09.0,339,1043
1502,2546,24:09.0,339,1043
1503,4998,28:00.0,339,1043
1504,8822,09:10.0,339,1043
1505,2559,16:59.0,339,1043
1506,5187,43:34.0,339,1043
1507,315,41:20.0,340,1044
1508,1719,27:45.0,340,1044
1509,9156,25:06.0,340,1044
1510,8398,03:27.0,340,1044
1511,5722,31:01.0,340,1044
1512,2554,01:41.0,340,1044
1513,6359,11:21.0,340,1044
1514,8616,03:15.0,341,1046
1515,5868,31:55.0,341,1047
1516,8023,21:25.0,341,1046
1517,1028,11:40.0,341,1045
1518,7692,18:21.0,341,1046
1519,5511,55:25.0,342,1048
1520,7443,26:58.0,342,1048
1521,9861,17:36.0,342,1048
1522,7027,56:31.0,342,1048
1523,7520,07:27.0,342,1048
1524,5387,37:18.0,342,1048
1525,1613,19:41.0,342,1048
1526,2360,00:49.0,342,1048
1527,4517,57:25.0,343,1053
1528,1689,28:49.0,343,1049
1529,6184,17:46.0,343,1052
1530,8672,51:03.0,343,1050
1531,9850,33:43.0,343,1051
1532,8828,51:22.0,344,1054
1533,8040,37:15.0,344,1054
1534,1573,52:49.0,345,1058
1535,9440,21:36.0,345,1060
1536,1330,38:16.0,345,1060
1537,2829,12:30.0,345,1059
1538,1330,42:47.0,345,1061
1539,9812,40:53.0,345,1060
1540,7047,11:14.0,345,1058
1541,4157,23:12.0,346,1062
1542,3090,04:11.0,346,1062
1543,5445,34:50.0,346,1062
1544,8757,17:32.0,346,1063
1545,1797,43:23.0,347,1064
1546,5528,54:37.0,347,1064
1547,836,59:40.0,347,1065
1548,4750,01:11.0,347,1065
1549,9769,45:36.0,347,1066
1550,2061,02:43.0,347,1064
1551,4286,38:36.0,347,1065
1552,9480,36:22.0,348,1067
1553,4099,05:08.0,348,1069
1554,9192,44:41.0,348,1067
1555,7184,07:11.0,348,1067
1556,6219,02:24.0,348,1068
1557,6321,46:36.0,348,1067
1558,4052,12:46.0,349,1071
1559,1842,56:01.0,349,1072
1560,4046,13:02.0,349,1072
1561,8671,58:29.0,349,1071
1562,3645,11:12.0,349,1072
1563,8156,22:16.0,349,1071
1564,6970,13:44.0,349,1072
1565,1244,21:02.0,349,1071
1566,4876,23:11.0,349,1072
1567,9879,33:49.0,350,1074
1568,7350,51:40.0,351,1077
1569,3070,25:16.0,351,1077
1570,8385,38:34.0,351,1079
1571,7326,33:01.0,351,1081
1572,81,00:44.0,352,1083
1573,1169,36:32.0,352,1082
1574,9194,36:24.0,352,1082
1575,2630,26:18.0,352,1084
1576,5790,23:59.0,352,1084
1577,2530,38:04.0,353,1086
1578,3965,02:11.0,353,1086
1579,8817,14:23.0,353,1086
1580,1375,23:13.0,353,1086
1581,5340,56:43.0,353,1086
1582,3390,52:35.0,353,1086
1583,7995,03:03.0,353,1086
1584,3030,16:16.0,354,1091
1585,6751,29:25.0,354,1087
1586,9077,16:57.0,354,1091
1587,3984,33:21.0,354,1087
1588,7331,24:36.0,355,1093
1589,1945,44:27.0,355,1092
1590,6867,01:33.0,355,1094
1591,1780,50:35.0,356,1097
1592,7342,36:12.0,356,1095
1593,6993,17:36.0,356,1097
1594,8644,31:57.0,356,1095
1595,6283,20:29.0,356,1095
1596,2647,02:16.0,357,1099
1597,3789,16:53.0,357,1100
1598,2767,54:15.0,357,1098
1599,2512,37:12.0,357,1099
1600,3810,55:24.0,357,1099
1601,5282,24:23.0,357,1098
1602,4217,55:28.0,358,1101
1603,2774,05:17.0,358,1101
1604,6036,08:58.0,359,1102
1605,8915,34:42.0,359,1103
1606,19,08:40.0,359,1103
1607,564,03:28.0,359,1103
1608,1667,41:48.0,359,1103
1609,483,41:17.0,359,1102
1610,8091,58:23.0,360,1104
1611,4122,52:10.0,360,1104
1612,7818,14:01.0,360,1104
1613,99,29:02.0,360,1104
1614,8983,58:48.0,360,1106
1615,844,38:23.0,362,1112
1616,2297,07:09.0,362,1112
1617,3197,56:11.0,362,1111
1618,4177,37:19.0,362,1111
1619,1930,37:15.0,362,1111
1620,5148,08:46.0,362,1112
1621,6297,05:43.0,362,1112
1622,8682,42:48.0,363,1113
1623,3476,36:57.0,363,1114
1624,6827,27:15.0,363,1113
1625,4514,19:51.0,363,1114
1626,4692,01:03.0,363,1113
1627,1231,06:07.0,363,1114
1628,9518,03:31.0,364,1116
1629,3327,42:05.0,364,1116
1630,2476,43:37.0,364,1119
1631,5243,34:43.0,364,1117
1632,1777,19:10.0,364,1118
1633,4420,38:05.0,364,1118
1634,7834,47:21.0,365,1121
1635,4766,55:52.0,366,1125
1636,1134,47:59.0,366,1123
1637,4875,14:24.0,366,1123
1638,8968,59:31.0,366,1123
1639,344,47:02.0,366,1126
1640,566,17:01.0,366,1124
1641,7119,10:47.0,366,1126
1642,8274,09:11.0,367,1131
1643,4897,00:22.0,367,1128
1644,7922,31:56.0,367,1130
1645,5878,43:15.0,368,1132
1646,5991,43:10.0,368,1132
1647,5263,29:19.0,369,1138
1648,3750,01:27.0,369,1138
1649,4581,57:34.0,369,1137
1650,8545,29:13.0,369,1137
1651,5012,13:06.0,369,1138
1652,2261,10:45.0,369,1137
1653,7719,26:02.0,369,1138
1654,2835,27:36.0,369,1138
1655,4047,37:03.0,369,1139
1656,4740,59:36.0,370,1143
1657,4575,37:25.0,370,1141
1658,7190,22:16.0,370,1143
1659,236,05:08.0,370,1142
1660,2630,49:03.0,370,1143
1661,6620,39:06.0,370,1141
1662,2071,39:59.0,370,1141
1663,348,28:50.0,371,1145
1664,7940,14:08.0,371,1145
1665,9899,26:40.0,371,1148
1666,6183,27:34.0,371,1145
1667,5876,41:37.0,371,1147
1668,813,42:14.0,371,1145
1669,9128,18:43.0,371,1146
1670,8667,50:18.0,372,1151
1671,8563,24:42.0,372,1153
1672,1934,08:25.0,372,1150
1673,1577,04:12.0,372,1153
1674,9468,40:21.0,373,1158
1675,9770,09:08.0,373,1156
1676,6822,56:21.0,375,1161
1677,7423,59:53.0,376,1165
1678,6347,43:09.0,376,1165
1679,5830,58:27.0,376,1165
1680,4418,48:23.0,376,1165
1681,3754,19:51.0,376,1165
1682,6052,21:36.0,376,1165
1683,6258,08:17.0,377,1166
1684,7287,37:02.0,377,1166
1685,5737,40:20.0,377,1167
1686,6172,45:34.0,377,1166
1687,225,46:07.0,378,1168
1688,3900,26:12.0,378,1168
1689,2153,02:47.0,378,1168
1690,7181,05:34.0,378,1168
1691,6450,53:47.0,378,1168
1692,8840,06:23.0,378,1168
1693,8274,59:04.0,378,1168
1694,8069,06:43.0,378,1168
1695,2871,06:34.0,378,1168
1696,3886,16:49.0,379,1170
1697,9874,57:51.0,379,1169
1698,9395,16:02.0,379,1173
1699,3121,16:45.0,379,1172
1700,1564,51:12.0,380,1175
1701,3610,36:20.0,380,1176
1702,2343,40:05.0,380,1174
1703,9510,27:05.0,380,1177
1704,1735,47:21.0,381,1178
1705,2143,19:40.0,382,1182
1706,5174,53:26.0,382,1182
1707,4422,36:24.0,382,1182
1708,6520,20:08.0,383,1186
1709,1310,27:28.0,383,1184
1710,9613,39:36.0,383,1183
1711,2185,57:54.0,383,1184
1712,9784,18:42.0,384,1188
1713,4350,41:32.0,384,1187
1714,1539,45:23.0,384,1188
1715,9332,32:23.0,384,1187
1716,1011,17:29.0,384,1187
1717,1761,44:08.0,384,1187
1718,4881,03:56.0,384,1187
1719,9772,23:39.0,385,1190
1720,8486,42:09.0,385,1189
1721,1642,40:51.0,385,1190
1722,4117,17:30.0,386,1191
1723,2986,25:22.0,386,1192
1724,5851,28:16.0,386,1192
1725,3193,15:19.0,386,1192
1726,6786,20:37.0,386,1192
1727,3112,25:44.0,387,1193
1728,2133,27:21.0,387,1194
1729,8579,12:48.0,387,1194
1730,9860,26:30.0,387,1193
1731,1326,20:52.0,387,1194
1732,2775,50:36.0,387,1194
1733,765,56:28.0,387,1194
1734,9670,47:00.0,387,1193
1735,6963,22:28.0,388,1196
1736,1176,57:58.0,388,1195
1737,7318,29:25.0,388,1196
1738,8059,43:48.0,388,1196
1739,3818,29:19.0,389,1197
1740,6036,40:08.0,389,1197
1741,13,47:21.0,389,1197
1742,975,16:31.0,389,1197
1743,2564,23:33.0,390,1201
1744,1957,19:03.0,390,1202
1745,2122,53:23.0,390,1199
1746,1653,42:02.0,390,1200
1747,2049,51:23.0,390,1202
1748,9656,49:30.0,390,1198
1749,360,12:57.0,391,1203
1750,2454,18:17.0,392,1206
1751,8078,47:55.0,392,1205
1752,8257,42:14.0,392,1206
1753,1129,47:21.0,392,1206
1754,6191,27:13.0,392,1206
1755,9845,25:41.0,393,1207
1756,5646,06:39.0,393,1211
1757,6163,41:52.0,393,1211
1758,2432,12:50.0,393,1211
1759,93,10:18.0,393,1210
1760,8425,02:41.0,393,1209
1761,9685,06:03.0,393,1209
1762,2436,41:04.0,393,1207
1763,5343,27:51.0,394,1212
1764,1376,01:58.0,394,1212
1765,7765,04:08.0,394,1214
1766,2096,16:52.0,394,1214
1767,8410,35:38.0,394,1213
1768,8088,33:36.0,395,1216
1769,981,32:07.0,395,1216
1770,6520,57:49.0,395,1215
1771,888,29:31.0,395,1217
1772,3459,13:56.0,395,1215
1773,3058,40:51.0,395,1217
1774,1227,18:22.0,395,1217
1775,2717,27:52.0,395,1215
1776,9068,55:05.0,395,1217
1777,4355,31:29.0,396,1218
1778,2583,58:35.0,396,1218
1779,8320,22:22.0,396,1218
1780,1613,35:51.0,396,1218
1781,856,48:21.0,396,1218
1782,4333,00:35.0,396,1218
1783,6536,24:19.0,397,1220
1784,4148,41:35.0,397,1219
1785,8747,25:20.0,398,1223
1786,8466,14:46.0,399,1227
1787,933,02:51.0,399,1225
1788,7125,01:36.0,399,1226
1789,9180,59:00.0,399,1227
1790,7433,45:47.0,399,1228
1791,5574,48:48.0,399,1228
1792,2046,40:44.0,400,1232
1793,7322,44:16.0,400,1232
1794,8881,16:26.0,401,1235
1795,6225,07:20.0,401,1234
1796,7740,33:25.0,402,1236
1797,2640,00:36.0,402,1236
1798,6670,48:14.0,402,1236
1799,7462,19:18.0,402,1236
1800,5250,47:49.0,402,1236
1801,3534,51:35.0,402,1236
1802,8097,04:00.0,403,1237
1803,3989,11:04.0,403,1238
1804,3254,21:18.0,403,1237
1805,1168,06:10.0,404,1241
1806,4480,07:26.0,405,1245
1807,9835,33:19.0,405,1244
1808,8129,51:40.0,405,1245
1809,4756,38:43.0,405,1246
1810,6267,59:47.0,405,1242
1811,3651,12:26.0,405,1246
1812,5843,04:52.0,405,1246
1813,2870,36:59.0,405,1246
1814,1054,29:00.0,406,1248
1815,2110,16:32.0,406,1247
1816,6837,35:26.0,406,1248
1817,1369,49:25.0,406,1248
1818,1788,39:30.0,406,1248
1819,718,31:34.0,406,1248
1820,1650,27:46.0,406,1249
1821,5221,12:06.0,406,1249
1822,8866,02:31.0,408,1253
1823,6180,04:57.0,408,1253
1824,1525,15:14.0,408,1253
1825,884,20:23.0,408,1253
1826,326,41:33.0,408,1253
1827,6919,04:03.0,408,1253
1828,7954,30:41.0,408,1253
1829,6495,52:00.0,408,1253
1830,3142,12:58.0,408,1253
1831,1676,38:40.0,409,1254
1832,2992,07:41.0,410,1255
1833,6414,13:40.0,410,1255
1834,6741,14:28.0,410,1256
1835,4715,03:01.0,410,1256
1836,3965,07:29.0,410,1256
1837,6026,44:06.0,410,1257
1838,5960,36:59.0,410,1256
1839,3367,19:11.0,410,1257
1840,4348,47:50.0,410,1257
1841,952,54:50.0,411,1258
1842,3249,33:02.0,412,1261
1843,1248,47:41.0,412,1261
1844,8061,01:25.0,412,1261
1845,7431,12:39.0,412,1261
1846,1755,16:43.0,412,1261
1847,371,25:19.0,412,1261
1848,2741,09:24.0,412,1261
1849,8877,58:42.0,412,1261
1850,5677,00:08.0,413,1263
1851,261,41:52.0,413,1263
1852,3276,24:15.0,413,1262
1853,4652,54:37.0,413,1263
1854,2990,11:17.0,413,1263
1855,5711,21:31.0,413,1262
1856,9186,40:30.0,413,1262
1857,9368,57:27.0,414,1265
1858,3693,05:29.0,414,1264
1859,2180,58:41.0,414,1264
1860,1811,37:55.0,414,1264
1861,9825,33:47.0,414,1265
1862,9223,33:00.0,414,1264
1863,8270,33:19.0,414,1265
1864,3686,40:21.0,414,1264
1865,7040,18:22.0,414,1265
1866,7859,29:51.0,415,1266
1867,6081,12:16.0,415,1266
1868,667,36:32.0,416,1268
1869,3120,54:10.0,416,1269
1870,3722,37:15.0,416,1269
1871,977,28:40.0,416,1269
1872,1860,53:09.0,417,1273
1873,7134,43:23.0,417,1270
1874,3120,30:41.0,417,1271
1875,6054,15:26.0,417,1272
1876,673,07:23.0,421,1283
1877,6887,34:19.0,421,1281
1878,2495,38:25.0,422,1285
1879,8139,02:37.0,422,1288
1880,8170,19:52.0,422,1287
1881,6572,40:19.0,422,1288
1882,671,04:50.0,422,1287
1883,4270,29:09.0,423,1293
1884,3234,50:27.0,423,1293
1885,5721,42:00.0,423,1290
1886,3951,20:12.0,423,1293
1887,3382,30:29.0,423,1293
1888,1117,51:16.0,423,1292
1889,9459,58:41.0,423,1290
1890,3597,23:50.0,423,1292
1891,6118,28:55.0,423,1293
1892,5839,39:10.0,424,1297
1893,222,46:25.0,424,1294
1894,8520,42:19.0,424,1294
1895,2130,40:22.0,424,1297
1896,8328,33:03.0,424,1295
1897,6184,42:17.0,424,1296
1898,8492,24:30.0,424,1296
1899,5630,51:09.0,424,1294
1900,6080,05:42.0,424,1294
1901,3769,17:02.0,425,1302
1902,9553,58:00.0,425,1302
1903,7293,22:46.0,425,1301
1904,3456,17:11.0,425,1299
1905,892,26:38.0,425,1301
1906,5273,54:34.0,425,1300
1907,811,52:52.0,425,1301
1908,1230,28:24.0,425,1298
1909,960,33:11.0,425,1301
1910,6475,06:14.0,426,1304
1911,9400,22:35.0,427,1305
1912,6395,35:24.0,427,1306
1913,9383,23:15.0,427,1306
1914,8551,49:03.0,427,1305
1915,5352,39:53.0,427,1307
1916,3754,26:32.0,427,1306
1917,5119,06:25.0,428,1308
1918,3189,18:19.0,428,1308
1919,5692,21:13.0,428,1308
1920,2440,26:41.0,428,1308
1921,6615,14:40.0,428,1308
1922,2651,00:44.0,428,1308
1923,1578,58:35.0,428,1308
1924,7086,29:06.0,428,1308
1925,9080,56:57.0,428,1308
1926,1118,07:58.0,429,1311
1927,7389,09:09.0,429,1309
1928,5050,16:44.0,429,1309
1929,1541,09:34.0,429,1311
1930,6898,03:52.0,429,1310
1931,8787,37:35.0,429,1309
1932,1533,29:34.0,430,1313
1933,7044,11:12.0,430,1313
1934,4197,10:25.0,430,1312
1935,9586,27:36.0,430,1313
1936,2321,43:19.0,430,1312
1937,1160,03:29.0,430,1312
1938,2223,30:56.0,430,1313
1939,9118,14:11.0,430,1313
1940,2653,41:05.0,430,1312
1941,4290,41:48.0,431,1318
1942,8431,19:48.0,431,1316
1943,2410,01:48.0,431,1314
1944,3836,02:06.0,431,1316
1945,3297,30:31.0,431,1316
1946,3915,26:43.0,431,1317
1947,9162,45:19.0,431,1314
1948,9749,37:20.0,431,1314
1949,2560,41:07.0,432,1319
1950,3536,49:31.0,432,1319
1951,3753,36:04.0,432,1319
1952,8338,30:02.0,432,1319
1953,8750,24:50.0,432,1319
1954,2631,27:01.0,432,1319
1955,1855,09:10.0,432,1319
1956,5834,16:44.0,432,1319
1957,9222,14:46.0,433,1323
1958,5461,16:56.0,434,1326
1959,5688,24:47.0,434,1327
1960,5947,04:24.0,434,1327
1961,6114,54:11.0,434,1329
1962,2110,54:28.0,434,1329
1963,7138,29:01.0,434,1329
1964,2217,25:22.0,434,1327
1965,6754,20:24.0,435,1330
1966,3050,18:53.0,435,1330
1967,3986,42:44.0,435,1330
1968,2999,14:02.0,436,1331
1969,6450,29:37.0,436,1335
1970,2367,29:39.0,436,1333
1971,2531,03:12.0,436,1334
1972,3851,11:45.0,437,1337
1973,3960,04:40.0,437,1336
1974,3222,27:12.0,437,1338
1975,3272,45:31.0,438,1339
1976,4750,24:16.0,438,1339
1977,5858,47:42.0,438,1339
1978,1566,31:58.0,438,1339
1979,7050,31:17.0,438,1339
1980,1195,21:13.0,438,1340
1981,8636,21:16.0,439,1342
1982,682,18:28.0,439,1343
1983,9011,25:02.0,439,1341
1984,1739,01:58.0,440,1347
1985,1953,20:29.0,440,1346
1986,9029,46:49.0,440,1346
1987,7048,08:50.0,440,1345
1988,952,46:25.0,440,1347
1989,2755,37:42.0,440,1345
1990,7913,35:40.0,440,1347
1991,5992,09:12.0,441,1348
1992,5156,12:18.0,441,1349
1993,3822,21:47.0,441,1349
1994,8676,22:47.0,441,1348
1995,5366,37:49.0,441,1349
1996,4951,51:47.0,442,1350
1997,4898,54:34.0,442,1352
1998,455,46:12.0,442,1354
1999,416,07:10.0,442,1354
2000,3074,29:28.0,443,1356
2001,1939,40:25.0,443,1358
2002,4987,06:10.0,443,1357
2003,4279,30:45.0,443,1357
2004,2843,31:34.0,443,1358
2005,9460,46:37.0,444,1360
2006,740,08:00.0,444,1360
2007,977,53:58.0,444,1359
2008,5940,33:16.0,444,1361
2009,8795,14:12.0,444,1360
2010,9782,27:58.0,444,1360
2011,5268,50:22.0,445,1362
2012,1177,34:33.0,445,1362
2013,8685,51:06.0,445,1363
2014,1914,44:11.0,446,1366
2015,2989,39:20.0,446,1365
2016,4338,30:09.0,446,1365
2017,5414,09:43.0,446,1366
2018,4662,43:01.0,446,1367
2019,3396,13:53.0,446,1368
2020,2259,29:13.0,446,1368
2021,3461,50:56.0,446,1365
2022,327,14:02.0,446,1365
2023,1489,20:41.0,448,1375
2024,983,39:56.0,448,1375
2025,5220,58:21.0,448,1375
2026,1113,35:31.0,448,1375
2027,3222,32:47.0,450,1384
2028,8722,55:56.0,450,1383
2029,3717,17:42.0,450,1382
2030,2250,04:59.0,450,1385
2031,8599,03:39.0,450,1384
2032,6444,08:23.0,450,1384
2033,1797,37:08.0,450,1382
2034,5470,44:58.0,450,1383
2035,7092,12:55.0,450,1383
2036,3886,06:35.0,451,1387
2037,5674,03:03.0,451,1388
2038,9316,17:22.0,451,1387
2039,2980,16:17.0,451,1387
2040,7440,57:31.0,451,1390
2041,1739,46:21.0,451,1388
2042,6681,49:39.0,453,1394
2043,6269,14:35.0,453,1395
2044,1424,33:39.0,453,1396
2045,1398,50:24.0,453,1395
2046,1177,30:04.0,454,1397
2047,1964,37:07.0,454,1397
2048,2473,00:23.0,454,1397
2049,6294,53:03.0,454,1397
2050,1741,39:17.0,454,1397
2051,4457,00:01.0,454,1397
2052,3672,36:56.0,455,1400
2053,3790,25:10.0,456,1405
2054,8467,43:20.0,456,1406
2055,8013,14:24.0,456,1407
2056,4079,30:58.0,456,1404
2057,9162,36:12.0,456,1406
2058,5054,48:23.0,456,1405
2059,9188,12:31.0,456,1407
2060,7472,59:57.0,456,1404
2061,9831,26:00.0,457,1410
2062,6043,29:41.0,457,1410
2063,38,29:49.0,457,1408
2064,1285,29:02.0,457,1408
2065,6930,43:16.0,457,1410
2066,8189,12:04.0,457,1409
2067,6988,08:42.0,458,1412
2068,2730,37:10.0,458,1412
2069,6139,48:56.0,458,1414
2070,6717,21:13.0,458,1412
2071,8887,44:11.0,458,1413
2072,1050,36:50.0,459,1416
2073,3913,52:48.0,459,1416
2074,4747,48:18.0,459,1416
2075,8381,20:10.0,460,1418
2076,6600,26:23.0,460,1418
2077,6335,22:10.0,460,1418
2078,6030,27:50.0,460,1418
2079,8330,51:14.0,460,1418
2080,8960,08:25.0,460,1418
2081,1867,21:33.0,460,1418
2082,3664,25:30.0,460,1418
2083,440,07:41.0,131,971
2084,1436,54:34.0,83,371
2085,3193,03:38.0,442,299
2086,3095,58:42.0,411,49
2087,6890,01:33.0,58,1399
2088,2638,20:03.0,200,233
2089,9597,16:08.0,95,561
2090,7086,51:19.0,185,1303
2091,4433,14:37.0,180,358
2092,1594,32:33.0,127,542
2093,8142,52:14.0,26,374
2094,8929,18:54.0,89,302
2095,5588,49:08.0,15,1184
2096,8177,24:19.0,369,871
2097,2925,53:47.0,109,124
2098,5612,30:21.0,233,698
2099,4151,19:27.0,397,714
2100,1414,51:21.0,459,7
2101,75,21:49.0,283,532
2102,5484,30:12.0,273,848
2103,3965,13:55.0,148,707
2104,2128,03:39.0,183,1274
2105,8044,24:59.0,368,847
2106,3384,07:20.0,298,909
2107,6541,20:36.0,453,942
2108,4476,56:19.0,376,290
2109,1472,29:33.0,192,1134
2110,6391,39:16.0,241,681
2111,1215,03:32.0,326,394
2112,1070,17:02.0,362,48
2113,640,40:28.0,50,1361
2114,7340,15:20.0,225,863
2115,4786,27:56.0,12,349
2116,5334,22:46.0,22,578
2117,630,32:31.0,300,1413
2118,5018,26:48.0,372,1111
2119,5769,58:05.0,39,46
2120,8095,25:59.0,70,1030
2121,4725,40:19.0,258,445
2122,7769,48:59.0,298,1348
2123,7151,22:14.0,459,299
2124,1130,23:22.0,130,509
2125,5535,55:39.0,109,590
2126,2473,01:46.0,204,611
2127,2423,52:49.0,106,1352
2128,4440,34:43.0,422,626
2129,4520,43:45.0,270,49
2130,6050,33:56.0,311,1135
2131,9493,26:06.0,326,657
2132,5272,57:21.0,221,1289
2133,5082,21:48.0,208,30
2134,7773,28:09.0,298,266
2135,5883,29:17.0,323,1271
2136,3374,35:36.0,334,27
2137,430,26:06.0,390,1168
2138,7011,38:06.0,317,873
2139,423,57:51.0,18,813
2140,496,44:15.0,173,355
2141,2429,10:08.0,455,1321
2142,5893,34:40.0,446,815
2143,338,22:35.0,132,653
2144,5427,23:46.0,139,1230
2145,5749,34:54.0,193,813
2146,8633,36:47.0,288,229
2147,1532,29:00.0,94,1385
2148,3796,58:09.0,424,389
2149,4688,02:54.0,184,321
2150,2533,50:08.0,81,1283
2151,6638,07:30.0,52,208
2152,8045,29:29.0,151,550
2153,7820,41:35.0,81,98
2154,3933,27:00.0,254,869
2155,9319,02:34.0,47,797
2156,2874,10:08.0,283,353
2157,5642,40:47.0,307,114
2158,5354,12:24.0,54,780
2159,3511,28:41.0,175,471
2160,2287,53:43.0,138,897
2161,5070,31:41.0,189,89
2162,4844,43:27.0,26,1234
2163,9856,28:43.0,212,528
2164,4566,18:32.0,19,820
2165,1746,37:20.0,35,171
2166,3095,40:30.0,317,991
2167,8118,09:05.0,384,249
2168,6777,41:32.0,244,959
2169,5149,46:54.0,82,354
2170,4792,58:19.0,64,694
2171,490,39:25.0,49,1394
2172,2748,29:19.0,58,1296
2173,7540,43:01.0,423,1272
2174,4848,37:59.0,3,993
2175,8974,59:51.0,365,410
2176,4912,53:16.0,177,528
2177,2265,15:22.0,443,1100
2178,454,34:39.0,171,546
2179,120,30:07.0,4,1376
2180,2976,48:56.0,440,693
2181,7411,33:31.0,395,116
2182,5878,45:27.0,49,87
2183,2049,43:38.0,383,481
2184,5710,55:02.0,14,455
2185,8020,17:31.0,177,29
2186,8976,36:41.0,175,820
2187,7437,34:09.0,359,311
2188,2321,24:12.0,398,921
2189,3297,17:49.0,157,1096
2190,7967,16:34.0,113,59
2191,7681,00:20.0,209,589
2192,311,56:11.0,226,1053
2193,6514,33:27.0,251,705
2194,6691,22:51.0,289,596
2195,5157,32:58.0,409,921
2196,560,22:22.0,411,607
2197,6045,29:55.0,270,67
2198,170,19:48.0,210,226
2199,1396,23:01.0,166,60
2200,8330,31:56.0,410,1266
2201,957,53:54.0,124,1196
2202,9338,46:44.0,32,8
2203,2437,18:19.0,256,1148
2204,374,38:25.0,176,271
2205,7152,15:44.0,288,578
2206,991,35:38.0,435,486
2207,6454,44:52.0,119,730
2208,2382,54:33.0,45,334
2209,4758,01:47.0,337,1174
2210,9393,38:36.0,7,488
2211,7887,35:03.0,147,790
2212,730,32:00.0,424,1103
2213,5729,00:26.0,31,1223
2214,6391,21:39.0,50,415
2215,4226,54:20.0,70,625
2216,1274,45:53.0,102,612
2217,1319,47:50.0,413,1298
2218,715,33:54.0,450,109
2219,5476,29:43.0,269,173
2220,977,37:01.0,438,45
2221,7277,48:19.0,391,353
2222,714,36:31.0,277,532
2223,5239,07:05.0,361,344
2224,532,41:57.0,370,20
2225,6243,22:16.0,235,354
2226,9775,29:02.0,150,807
2227,9257,56:13.0,289,225
2228,9675,55:08.0,377,848
2229,5360,56:26.0,393,558
2230,8960,38:44.0,139,1201
2231,647,41:37.0,191,1183
2232,4490,14:20.0,171,176
2233,9279,04:45.0,376,153
2234,7695,39:44.0,287,1005
2235,2384,21:11.0,107,583